{"cameraMode":{"drawMode":0,"name":"Shaded","section":"Shading Mode"},"sceneLighting":true,"audioPlay":false,"sceneViewState":{"showFog":true,"showMaterialUpdate":false,"showSkybox":false,"showFlares":true,"showImageEffects":true,"showParticleSystems":true},"in2DMode":false,"pivot":{"x":-0.3381023406982422,"y":1.9382193088531495,"z":0.9199261665344238},"rotation":{"x":-0.32316845655441286,"y":0.1473742425441742,"z":-0.051025208085775378,"w":-0.9334009289741516},"size":12.12435531616211,"orthographic":false}