{"cameraMode":{"drawMode":0,"name":"Shaded","section":"Shading Mode"},"sceneLighting":true,"audioPlay":false,"sceneViewState":{"showFog":true,"showMaterialUpdate":false,"showSkybox":false,"showFlares":true,"showImageEffects":true,"showParticleSystems":true},"in2DMode":false,"pivot":{"x":-0.32109710574150088,"y":1.8804224729537964,"z":0.806520938873291},"rotation":{"x":0.0260622538626194,"y":0.9581021070480347,"z":-0.26981014013290408,"w":0.09254767745733261},"size":0.03223586082458496,"orthographic":false}