{"cameraMode":{"drawMode":0,"name":"Shaded","section":"Shading Mode"},"sceneLighting":true,"audioPlay":false,"sceneViewState":{"showFog":true,"showMaterialUpdate":false,"showSkybox":false,"showFlares":true,"showImageEffects":true,"showParticleSystems":true},"in2DMode":false,"pivot":{"x":-0.3381023406982422,"y":1.9382193088531495,"z":0.9199261665344238},"rotation":{"x":0.010355829261243344,"y":0.9801786541938782,"z":-0.19054144620895387,"w":0.05327218025922775},"size":-0.07936489582061768,"orthographic":false}