{"cameraMode":{"drawMode":0,"name":"Shaded","section":"Shading Mode"},"sceneLighting":false,"audioPlay":false,"sceneViewState":{"showFog":true,"showMaterialUpdate":false,"showSkybox":false,"showFlares":true,"showImageEffects":true,"showParticleSystems":true},"in2DMode":false,"pivot":{"x":2.0886993408203127,"y":-0.04430004954338074,"z":0.5902932286262512},"rotation":{"x":0.15483932197093965,"y":0.6251380443572998,"z":-0.1283499300479889,"w":0.7541598081588745},"size":3.4588372707366945,"orthographic":false}