{"cameraMode":{"drawMode":0,"name":"Shaded","section":"Shading Mode"},"sceneLighting":true,"audioPlay":false,"sceneViewState":{"showFog":true,"showMaterialUpdate":false,"showSkybox":false,"showFlares":true,"showImageEffects":true,"showParticleSystems":true},"in2DMode":false,"pivot":{"x":0.013505622744560242,"y":1.2964751720428467,"z":0.2763054370880127},"rotation":{"x":0.010355829261243344,"y":0.9801786541938782,"z":-0.19054144620895387,"w":0.05327218025922775},"size":0.7571426630020142,"orthographic":false}